chr10   73792016        C       T       0.000925926     0.99    97.1815 0.96655 0.967067        AC022400.10,ZSWIM8
chr10   74957401        A       G       0.00217506      0.98    98.9843 0.9189  0.971707        KAT6B,AC018511.1
chr11   64344991        C       T       7.3497e-05      0.966   97.3346 0.96709 0.959891        CCDC88B,MIR7155
chr12   545466  C       A       0.000161679     0.994   98.4828 0.95157 0.991464        B4GALNT3,AC006205.2
chr12   52950356        G       A       0       0.961   99.8935 0.92628 0.951766        KRT8,KRT18
chr12   52950399        C       T       1.52114e-05     0.977   99.8935 0.96749 0.951766        KRT8,KRT18
chr12   52951512        G       C       0.00636372      0.934   99.8163 0.90684 0.951766        KRT8,KRT18
chr12   93759078        T       C       0.00291014      0.956   99.1161 0.91664 0.956897        CRADD,AC012085.2
chr14   32821513        G       A       4.41125e-05     0.988   97.6523 0.99474 0.970292        AKAP6,AL049781.1
chr14   38209797        G       A       0.000308651     0.967   98.3365 0.90479 0.993565        SSTR1
chr14   52314795        T       G       0.0078504       0.988   99.9352 0.97012 0.952471        PTGER2
chr14   76961823        A       G       1.47037e-05     0.976   95.5134 0.98984 0.96562 IRF2BPL,LINC01629,AC007686.4
chr15   43276995        C       T       0.00220484      0.957   97.5906 0.95485 0.962439        ATP5PDP1,TGM7
chr15   74139927        G       A       0       0.928   95.6211 0.92101 0.971294        ISLR2
chr15   74422341        G       A       0.00642874      0.994   99.5425 0.90374 0.97873 AC090826.3,SEMA7A
chr17   3688728 T       C       1.46998e-05     0.992   98.6556 0.97164 0.990012        P2RX5-TAX1BP3,P2RX5
chr17   9646064 C       T       0.00558577      0.948   98.5663 0.94303 0.959873        USP43,AC118755.2
chr17   17126802        C       T       0.00054383      1       95.4209 0.99335 0.955867        RNU6-767P,MPRIP
chr17   29042849        C       T       0.00498324      0.986   98.8348 0.94015 0.950756        PIPOX
chr17   29042861        G       A       0.00493842      0.996   98.8348 0.94111 0.950756        PIPOX
chr17   32350306        G       A       0.00618663      0.98    98.6765 0.96102 0.951678        ZNF207,AC005899.5,C17orf75,MIR632
chr17   38558365        C       A       1.46955e-05     0.984   99.1564 0.9893  0.981765        SRCIN1
chr1    41579917        G       A       0.000969989     0.98    96.9978 0.98299 0.961038        AL445933.1,HIVEP3
chr1    46526605        A       T       7.35424e-05     0.989   98.4279 0.94723 0.960963        MKNK1-AS1,TMEM275,DMBX1
chr1    51765888        C       T       0.00642288      0.985   96.6267 0.97431 0.992723        AL050343.2,OSBPL9
chr1    64841507        T       C       0.000264659     0.977   97.1649 0.96995 0.994554        AL606517.2,JAK1
chr1    94094671        C       G       0.00811526      0.955   99.9662 0.90896 0.961743        ABCA4
chr1    161198191       C       T       0.00251485      0.974   98.6987 0.9159  0.99436 ADAMTS4
chr1    218346973       G       A       0.00485023      0.985   99.9645 0.9679  0.998669        TGFB2-AS1,TGFB2
chr20   32141816        G       A       0.00936599      0.976   96.7529 0.97848 0.966184        TM9SF4,AL049539.1
chr20   41121729        C       T       2.93979e-05     0.974   99.5558 0.93506 0.976364        TOP1,PLCG1
chr2    68880439        C       T       0.000999441     0.994   98.5732 0.97577 0.961241        BMP10
chr2    72984041        A       G       1.46972e-05     0.997   98.3295 0.98215 0.976799        AC012366.1,SFXN5
chr2    144404939       G       A       0.00335117      0.932   99.5901 0.91408 0.981242        ZEB2
chr2    219916957       G       A       0.00776219      0.995   97.4533 0.98436 0.968703        SLC4A3,AC008281.1
chr3    9056311 C       T       4.40904e-05     0.972   95.0866 0.98781 0.973197        SRGAP3-AS1,SRGAP3
chr3    43080822        C       T       2.94057e-05     0.928   98.4402 0.98484 0.977805        AC092042.1,POMGNT2
chr3    50375821        C       T       0.00448398      0.943   95.9437 0.95229 0.977032        CACNA2D2,Z84492.1
chr3    55654521        A       G       1.46977e-05     0.989   98.9224 0.93779 0.953395        ERC2-IT1,ERC2
chr3    85271048        A       G       0.000888678     0.982   98.5471 0.94221 0.95991 CADM2,MIR5688
chr3    134464192       A       C       0       0.964   96.6237 0.94937 0.985485        ANAPC13,CEP63
chr3    159273479       G       T       0.00236751      0.988   98.966  0.98438 0.973033        IQCJ-SCHIP1
chr3    183982528       T       C       7.34991e-05     0.992   97.5293 0.98996 0.986579        ABCC5,ABCC5-AS1
chr4    13985977        A       G       0.00790828      0.967   96.7746 0.96639 0.975606        LINC01182,BOD1L1
chr4    89953411        G       T       0.00211746      0.953   96.8811 0.9865  0.976127        MMRN1,AC105445.1
chr4    169136482       G       A       0       0.97    97.9613 0.98434 0.988024        SH3RF1,RPL6P12
chr5    13701313        G       T       0.000411789     0.967   99.8858 0.99415 0.9564  AC016546.1,DNAH5
chr5    79758776        C       T       0.00232401      0.971   97.3877 0.99452 0.950023        AC008496.2,CMYA5
chr5    89117168        T       C       0.000102965     0.988   96.6133 0.91766 0.965684        MEF2C,MEF2C-AS1
chr5    89270987        G       A       0.000661628     0.956   96.8644 0.91177 0.955567        AC074131.1,MEF2C,MEF2C-AS1
chr5    138179811       C       T       0.00451298      0.968   98.8632 0.91787 0.979083        BRD8,KIF20A
chr5    142509315       C       T       0.00147033      0.964   97.5772 0.94974 0.992685        SPRY4-AS1,RPS12P10,FGF1
chr6    10310735        C       A       0.00476527      0.974   97.751  0.96287 0.977978        TFAP2A,AL138885.1
chr6    14729419        A       C       1.46964e-05     0.985   97.0826 0.938   0.966459        AL138720.1,RNU6-793P,JARID2
chr6    33194763        C       G       0.00504115      0.974   97.5343 0.98596 0.958314        COL11A2,RXRB
chr6    35317942        A       C       0.00971973      0.977   97.7765 0.94841 0.99094 DEF6
chr6    41958661        C       T       0.000117592     0.984   96.3419 0.92703 0.953564        CCND3
chr6    45652858        T       C       0.000117709     0.99    99.756  0.97069 0.958436        RUNX2-AS1,RUNX2
chr6    135185625       A       G       0.00587924      0.994   99.939  0.98181 0.951484        MYB
chr6    142873981       C       T       0.000779228     0.97    98.2209 0.98294 0.955002        HIVEP2
chr6    143973246       C       A       4.41008e-05     0.988   99.8069 0.92799 0.984845        PLAGL1
chr7    100175807       G       C       0       0.986   98.0069 0.98689 0.986799        GPC2
chr7    114662210       T       C       0.00524954      0.961   99.9785 0.92521 0.995824        FOXP2,MIR3666
chr8    41932841        C       T       0.00167588      0.98    99.5913 0.93049 0.95157 KAT6A,ANK1
chr8    79868774        C       G       0.00886843      0.992   97.6269 0.95273 0.981935        AC036214.1,MRPS28
chr8    97293320        C       T       0.00661512      0.982   96.6289 0.92556 0.995108        TSPYL5
chr8    123476831       G       A       5.87889e-05     0.963   95.3711 0.90474 0.990145        WDYHV1,AC021305.1
chr9    70259267        A       C       0.00085269      0.973   96.8751 0.99375 0.966818        SMC5-AS1,SMC5
chr9    98078258        G       A       4.41047e-05     0.993   96.7101 0.99268 0.957737        NANS
chr9    100346940       C       T       1.47011e-05     0.99    97.1584 0.98577 0.960316        TEX10
chr9    129460456       C       T       0.000309798     0.991   98.5654 0.96389 0.956835        NTMT1,AL353803.2
